<Backups xmlns="http://www.microsoft.com/GroupPolicy/GPOOperations/Manifest" xmlns:mfst="http://www.microsoft.com/GroupPolicy/GPOOperations/Manifest" mfst:version="1.0"><BackupInst><GPOGuid><![CDATA[{D86BFA57-3860-4865-B238-BD3EE7A59995}]]></GPOGuid><GPODomain><![CDATA[acme.corp]]></GPODomain><GPODomainGuid><![CDATA[{bafc7807-dce5-48c7-ab80-a5e594fb5442}]]></GPODomainGuid><GPODomainController><![CDATA[dc01.acme.corp]]></GPODomainController><BackupTime><![CDATA[2025-12-10T01:58:17]]></BackupTime><ID><![CDATA[{286931E4-8072-419A-B3E4-8C7964CD6038}]]></ID><Comment><![CDATA[]]></Comment><GPODisplayName><![CDATA[TZ Region]]></GPODisplayName></BackupInst></Backups>